{
  "Moving_Average": {
    "MAE": 1.2121511577674096,
    "RMSE": 1.5249005862053782,
    "MAPE": 1.5226709285385145
  },
  "Linear_Regression": {
    "MAE": 1.182165999258695,
    "RMSE": 1.5014469426057744,
    "MAPE": 1.4843217452242672
  }
}